MAE,RMSE,R2,MedianAE,Pearson_r,Spearman_r,Calibration_slope,Calibration_intercept,Within_5,Within_10,Within_15,AUROC,AUPRC,Sensitivity,Specificity,F1,Confusion_TN,Confusion_FP,Confusion_FN,Confusion_TP,fold
27.803607244693612,33.001962628222294,-0.24195393333058157,26.36493272740357,0.7228342144010399,0.7546172925367521,0.951017490820551,27.307746822495606,9.532710280373832,19.439252336448597,28.971962616822427,0.9114116494221403,0.9026004751284784,0.23076923076923078,1.0,0.375,314,0,170,51,0
10.781148443178955,14.676227843146672,0.7004226555910236,8.301767858894575,0.8370552170857719,0.7976942643814119,1.0168727768420065,-0.7151217327800301,33.6,57.99999999999999,75.2,0.943920265780731,0.8153072336089109,0.45714285714285713,0.9906976744186047,0.6037735849056604,213,2,19,16,1
12.359759965998927,15.56674777138175,0.5326936681696768,10.626452557203159,0.7494780224645914,0.7409895104054661,0.8386077117663058,3.5110243492137316,24.4,46.400000000000006,70.8,0.9386566853815762,0.6564420324188689,0.42857142857142855,0.9737991266375546,0.5,223,6,12,9,2
15.964563178416046,20.72000735634237,0.4560154030621443,12.64753667076263,0.7321000227116045,0.7193658921026493,1.0640284998872835,5.521505338847511,24.096385542168676,41.365461847389554,57.42971887550201,0.8576037670038368,0.68015944041854,0.18032786885245902,0.9840425531914894,0.29333333333333333,185,3,50,11,3
16.23347692039338,21.187168113022825,0.398078361727631,12.60731229963978,0.6714219910587619,0.6423993163449206,0.942683035855517,8.274772299571833,21.285140562248998,42.168674698795186,56.22489959839358,0.8755294570658453,0.7561134344384942,0.32075471698113206,1.0,0.4857142857142857,196,0,36,17,4
